BranchID,BranchName,Region,Manager,ContactNumber
B001,CredSure,North,Ecqkdvl Zpsxvms,918588211764
B002,LoanMetro,East,Loziooh Hkdvewy,916666493577
B003,ElevateCredit,North,Uwqccry Bxvqeim,918209280975
B004,Zenith Loans,West,Hierzub Ytrdezu,919826998727
B005,MoneyTree,South,Xmrnabq Hjfqizn,918228754332
B006,RapidTrust,South,Hlvftgu Tjgcjbn,917828941575
B007,CashEdge,West,Nnflhts Mgdrfne,918519613494
B008,CashNest,Central,Etwomnw Ldurvgm,918867895067
B009,TrustWave,East,Zkwzdyz Qubsyjk,918417472440
B010,SecureFinance,East,Nohtxir Fmfkmyb,919977468790
B011,NeoLend,West,Jmslcdu Dymwsvn,918294041066
B012,FinGrow,South,Hqgqzzq Euikxtl,916262968385
B013,CredMint,North,Apoqdwc Sgiqlvj,917947312096
B014,GreenLeaf Finance,West,Atmikrd Eqchbnl,918618622545
B015,Infinity Finance,East,Ctkgwxt Pewfais,918094906606
B016,Unity Finance,South,Eykwqye Bucrpdb,916948076748
B017,Vertex Lending,West,Uokuwxq Jkzutya,919900301857
B018,BluePeak,North,Lxvmlnm Vlfuysl,918711017684
B019,MetroTrust,South,Gosoqhx Mtyjcrn,919716900724
B020,LoanSphere,South,Gptagbh Jsbqgiq,919371840571
B021,SureFinance,East,Obrdjhi Nklrpii,919766005930
B022,MoneyBliss,North,Dkptcut Pktablq,916613721688
B023,UrbanFinance,Central,Xljphyx Mikplti,916806126061
B024,ZippyCash,East,Fmsmbam Odgrhvy,916732502938
B025,EasyCredit,North,Svmlyzv Mmwmdvc,918741498220
B026,CredVerse,North,Kvbrvcf Pqbjrxt,919898064862
B027,NovaLend,North,Izxcgie Roliqdg,917211508613
B028,AceLend,West,Wywxbsr Wqcpvde,918430155650
B029,FinBridge,North,Fauaita Llrfghd,917716712463
B030,LoanCraft,South,Pasxtlb Uesdhto,917717915307
B031,LoanLink,North,Jbqyylu Lmgigwx,919002408813
B032,NimbusFunds,West,Tosfsfk Vtkdebl,919094963649
B033,LoanBloom,South,Zasiquc Hihhpsj,919048490218
B034,Nimbus Credit,West,Ujnnznk Tjwahfc,918932423964
B035,SkyFinance,South,Ywluqmp Kddwevx,918362737690
B036,TrustCapital,East,,918654569366
B037,QuickTrust,South,Yjbtxmn Uzqoaxg,917199553293
B038,TrustCraft,North,Xfzlnkj Ycjqpbb,917029070495
B039,BrightLend,Central,Slplgoh Sfijwjz,917674462725
B040,Apex Finance,North,Nubgqog Lybmpxm,916557133983
B041,RapidFunds,East,Wtklbqs Qtkvvxc,918883523758
B042,MetroCredit,Central,Wpkhlps Rnwheth,919863464060
B043,TrustZen,South,Udfawgm Uyciuce,918290070680
B044,UnityCash,South,Pskldhe Jyjdver,919115303530
B045,SwiftCash,West,Htwvddk Ejwodss,919350035136
B046,PrimeMoney,West,Xkffxvj Ezamnxk,916725926511
B047,FinOrbit,Central,Ndujxnx Epdmsex,917404674952
B048,LendGo,West,Ecspjav Axrymmu,917518988078
B049,CapitalEase,North,Tykdjal Tyujexh,918495183602
B050,BrightCredit,South,Ferjqna Uuzpkyb,917584737234
